store_id,sku_id,total_demand,total_fulfilled,total_lost_units,lost_revenue,unit_price,citywide_demand,demand_share,citywide_budget,recommended_allocation,current_allocation,allocation_delta,new_lost_units,recovered_units,recovered_revenue,sku_name,category
LKO02,SKU011,1393,881,512,56320,110,10311,0.13509843856076034,9009,1217.0,881,336.0,176.0,336.0,36960.0,Real Fruit Juice 1L,Beverages
LKO08,SKU002,2392,863,1529,88682,58,18068,0.13238875359752048,10881,1441.0,863,578.0,951.0,578.0,33524.0,Amul Butter 100g,Dairy
LKO02,SKU006,4153,879,3274,147330,45,30812,0.1347851486433857,11412,1538.0,879,659.0,2615.0,659.0,29655.0,Banana Dozen,Fruits & Veg
LKO08,SKU003,2752,935,1817,87216,48,20626,0.13342383399592747,11559,1542.0,935,607.0,1210.0,607.0,29136.0,Brown Eggs (6 pcs),Dairy
LKO01,SKU002,2400,943,1457,84506,58,18068,0.13283152534868276,10881,1445.0,943,502.0,955.0,502.0,29116.0,Amul Butter 100g,Dairy
LKO01,SKU011,1393,957,436,47960,110,10311,0.13509843856076034,9009,1217.0,957,260.0,176.0,260.0,28600.0,Real Fruit Juice 1L,Beverages
LKO01,SKU003,2768,990,1778,85344,48,20626,0.13419955396102007,11559,1551.0,990,561.0,1217.0,561.0,26928.0,Brown Eggs (6 pcs),Dairy
LKO01,SKU013,1227,937,290,37700,130,9267,0.13240530916154095,8568,1134.0,937,197.0,93.0,197.0,25610.0,Surf Excel 1kg,Household
LKO02,SKU002,2322,961,1361,78938,58,18068,0.12851450077485058,10881,1398.0,961,437.0,924.0,437.0,25346.0,Amul Butter 100g,Dairy
LKO01,SKU006,4101,963,3138,141210,45,30812,0.13309749448266908,11412,1519.0,963,556.0,2582.0,556.0,25020.0,Banana Dozen,Fruits & Veg
LKO02,SKU003,2691,989,1702,81696,48,20626,0.13046640162901194,11559,1508.0,989,519.0,1183.0,519.0,24912.0,Brown Eggs (6 pcs),Dairy
LKO08,SKU010,3142,903,2239,89560,40,23390,0.13433091064557504,11311,1519.0,903,616.0,1623.0,616.0,24640.0,Coca-Cola 750ml,Beverages
LKO08,SKU006,4013,971,3042,136890,45,30812,0.1302414643645333,11412,1486.0,971,515.0,2527.0,515.0,23175.0,Banana Dozen,Fruits & Veg
LKO02,SKU010,3117,960,2157,86280,40,23390,0.13326207781103036,11311,1507.0,960,547.0,1610.0,547.0,21880.0,Coca-Cola 750ml,Beverages
LKO02,SKU005,5199,948,4251,148785,35,38816,0.13393961253091508,11694,1566.0,948,618.0,3633.0,618.0,21630.0,Onion 1kg,Fruits & Veg
LKO01,SKU010,3081,977,2104,84160,40,23390,0.13172295852928603,11311,1490.0,977,513.0,1591.0,513.0,20520.0,Coca-Cola 750ml,Beverages
LKO08,SKU005,5191,979,4212,147420,35,38816,0.13373351195383348,11694,1564.0,979,585.0,3627.0,585.0,20475.0,Onion 1kg,Fruits & Veg
LKO01,SKU005,5158,976,4182,146370,35,38816,0.1328833470733718,11694,1554.0,976,578.0,3604.0,578.0,20230.0,Onion 1kg,Fruits & Veg
LKO08,SKU011,1357,1003,354,38940,110,10311,0.13160702162738822,9009,1186.0,1003,183.0,171.0,183.0,20130.0,Real Fruit Juice 1L,Beverages
LKO02,SKU001,6246,882,5364,144828,27,46616,0.13398833018706025,11621,1557.0,882,675.0,4689.0,675.0,18225.0,Amul Toned Milk 500ml,Dairy
LKO02,SKU013,1226,1003,223,28990,130,9267,0.13229739937412324,8568,1134.0,1003,131.0,92.0,131.0,17030.0,Surf Excel 1kg,Household
LKO01,SKU001,6308,959,5349,144423,27,46616,0.1353183456324009,11621,1573.0,959,614.0,4735.0,614.0,16578.0,Amul Toned Milk 500ml,Dairy
LKO08,SKU009,2124,914,1210,36300,30,15697,0.13531248009173727,10551,1428.0,914,514.0,696.0,514.0,15420.0,Britannia Good Day 100g,Snacks
LKO02,SKU009,2117,952,1165,34950,30,15697,0.1348665350066892,10551,1423.0,952,471.0,694.0,471.0,14130.0,Britannia Good Day 100g,Snacks
LKO08,SKU001,6138,1025,5113,138051,27,46616,0.1316715290887249,11621,1530.0,1025,505.0,4608.0,505.0,13635.0,Amul Toned Milk 500ml,Dairy
LKO01,SKU009,2107,966,1141,34230,30,15697,0.1342294705994776,10551,1416.0,966,450.0,691.0,450.0,13500.0,Britannia Good Day 100g,Snacks
LKO08,SKU004,5898,946,4952,108944,22,44163,0.1335507098702534,11593,1548.0,946,602.0,4350.0,602.0,13244.0,Tomato 500g,Fruits & Veg
LKO01,SKU004,5868,968,4900,107800,22,44163,0.13287140819237825,11593,1540.0,968,572.0,4328.0,572.0,12584.0,Tomato 500g,Fruits & Veg
LKO02,SKU004,5908,986,4922,108284,22,44163,0.13377714376287841,11593,1551.0,986,565.0,4357.0,565.0,12430.0,Tomato 500g,Fruits & Veg
LKO02,SKU007,3948,952,2996,59920,20,28654,0.13778181056746003,11404,1571.0,952,619.0,2377.0,619.0,12380.0,Lays Classic 52g,Snacks
LKO08,SKU012,3455,943,2512,50240,20,26044,0.1326601136538166,11760,1560.0,943,617.0,1895.0,617.0,12340.0,Bisleri Water 1L,Beverages
LKO08,SKU013,1184,1002,182,23660,130,9267,0.12776518830257905,8568,1095.0,1002,93.0,89.0,93.0,12090.0,Surf Excel 1kg,Household
LKO02,SKU012,3459,987,2472,49440,20,26044,0.13281369989248965,11760,1562.0,987,575.0,1897.0,575.0,11500.0,Bisleri Water 1L,Beverages
LKO08,SKU007,3870,971,2899,57980,20,28654,0.1350596775319327,11404,1540.0,971,569.0,2330.0,569.0,11380.0,Lays Classic 52g,Snacks
LKO01,SKU012,3403,983,2420,48400,20,26044,0.13066349255106743,11760,1537.0,983,554.0,1866.0,554.0,11080.0,Bisleri Water 1L,Beverages
LKO01,SKU007,3782,973,2809,56180,20,28654,0.13198855308159418,11404,1505.0,973,532.0,2277.0,532.0,10640.0,Lays Classic 52g,Snacks
LKO08,SKU008,4642,946,3696,51744,14,33954,0.13671437827649172,11406,1559.0,946,613.0,3083.0,613.0,8582.0,Maggi Noodles 70g,Snacks
LKO02,SKU008,4550,937,3613,50582,14,33954,0.13400483006420452,11406,1528.0,937,591.0,3022.0,591.0,8274.0,Maggi Noodles 70g,Snacks
LKO01,SKU014,1062,873,189,10395,55,7780,0.1365038560411311,7433,1015.0,873,142.0,47.0,142.0,7810.0,Colgate Toothpaste 100g,Personal Care
LKO01,SKU008,4485,956,3529,49406,14,33954,0.1320904753490016,11406,1507.0,956,551.0,2978.0,551.0,7714.0,Maggi Noodles 70g,Snacks
LKO08,SKU014,1047,906,141,7755,55,7780,0.13457583547557841,7433,1000.0,906,94.0,47.0,94.0,5170.0,Colgate Toothpaste 100g,Personal Care
LKO12,SKU005,3239,893,2346,82110,35,38816,0.08344497114591921,11694,976.0,893,83.0,2263.0,83.0,2905.0,Onion 1kg,Fruits & Veg
LKO04,SKU002,1537,880,657,38106,58,18068,0.08506752269205224,10881,926.0,880,46.0,611.0,46.0,2668.0,Amul Butter 100g,Dairy
LKO05,SKU001,4052,914,3138,84726,27,46616,0.08692294491161832,11621,1010.0,914,96.0,3042.0,96.0,2592.0,Amul Toned Milk 500ml,Dairy
LKO05,SKU012,2125,840,1285,25700,20,26044,0.08159268929503917,11760,960.0,840,120.0,1165.0,120.0,2400.0,Bisleri Water 1L,Beverages
LKO05,SKU005,3182,899,2283,79905,35,38816,0.0819765045342127,11694,959.0,899,60.0,2223.0,60.0,2100.0,Onion 1kg,Fruits & Veg
LKO07,SKU012,2234,922,1312,26240,20,26044,0.08577791429887882,11760,1009.0,922,87.0,1225.0,87.0,1740.0,Bisleri Water 1L,Beverages
LKO04,SKU007,2423,877,1546,30920,20,28654,0.08456061980875271,11404,964.0,877,87.0,1459.0,87.0,1740.0,Lays Classic 52g,Snacks
LKO04,SKU005,3372,972,2400,84000,35,38816,0.08687139323990108,11694,1016.0,972,44.0,2356.0,44.0,1540.0,Onion 1kg,Fruits & Veg
LKO12,SKU003,1718,932,786,37728,48,20626,0.0832929312518181,11559,963.0,932,31.0,755.0,31.0,1488.0,Brown Eggs (6 pcs),Dairy
LKO05,SKU007,2317,850,1467,29340,20,28654,0.08086131081175403,11404,922.0,850,72.0,1395.0,72.0,1440.0,Lays Classic 52g,Snacks
LKO03,SKU006,2538,909,1629,73305,45,30812,0.08237050499805271,11412,940.0,909,31.0,1598.0,31.0,1395.0,Banana Dozen,Fruits & Veg
LKO03,SKU010,1947,914,1033,41320,40,23390,0.08324070115433946,11311,942.0,914,28.0,1005.0,28.0,1120.0,Coca-Cola 750ml,Beverages
LKO07,SKU004,3668,914,2754,60588,22,44163,0.08305595181486765,11593,963.0,914,49.0,2705.0,49.0,1078.0,Tomato 500g,Fruits & Veg
LKO04,SKU004,3696,940,2756,60632,22,44163,0.08368996671421779,11593,970.0,940,30.0,2726.0,30.0,660.0,Tomato 500g,Fruits & Veg
LKO12,SKU008,2947,943,2004,28056,14,33954,0.08679389762620016,11406,990.0,943,47.0,1957.0,47.0,658.0,Maggi Noodles 70g,Snacks
LKO07,SKU007,2419,931,1488,29760,20,28654,0.08442102324282823,11404,963.0,931,32.0,1456.0,32.0,640.0,Lays Classic 52g,Snacks
LKO04,SKU010,1998,957,1041,41640,40,23390,0.08542112013681061,11311,966.0,957,9.0,1032.0,9.0,360.0,Coca-Cola 750ml,Beverages
LKO12,SKU004,3645,947,2698,59356,22,44163,0.08253515386183004,11593,957.0,947,10.0,2688.0,10.0,220.0,Tomato 500g,Fruits & Veg
LKO04,SKU001,3788,936,2852,77004,27,46616,0.08125965333790973,11621,944.0,936,8.0,2844.0,8.0,216.0,Amul Toned Milk 500ml,Dairy
LKO07,SKU008,2891,956,1935,27090,14,33954,0.08514460741002533,11406,971.0,956,15.0,1920.0,15.0,210.0,Maggi Noodles 70g,Snacks
LKO01,SKU015,820,817,3,195,65,6318,0.12978790756568534,6315,820.0,817,3.0,0.0,3.0,195.0,Dettol Handwash 200ml,Personal Care
LKO03,SKU008,2780,925,1855,25970,14,33954,0.0818754785886788,11406,934.0,925,9.0,1846.0,9.0,126.0,Maggi Noodles 70g,Snacks
LKO05,SKU010,1952,941,1011,40440,40,23390,0.0834544677212484,11311,944.0,941,3.0,1008.0,3.0,120.0,Coca-Cola 750ml,Beverages
LKO05,SKU004,3731,974,2757,60654,22,44163,0.08448248533840545,11593,979.0,974,5.0,2752.0,5.0,110.0,Tomato 500g,Fruits & Veg
LKO05,SKU008,2762,923,1839,25746,14,33954,0.0813453495906226,11406,928.0,923,5.0,1834.0,5.0,70.0,Maggi Noodles 70g,Snacks
LKO03,SKU005,3083,1013,2070,72450,35,38816,0.0794260098928277,11694,929.0,1013,-84.0,2154.0,0.0,0.0,Onion 1kg,Fruits & Veg
LKO03,SKU007,2365,996,1369,27380,20,28654,0.08253646960284777,11404,941.0,996,-55.0,1424.0,0.0,0.0,Lays Classic 52g,Snacks
LKO03,SKU014,691,691,0,0,55,7780,0.08881748071979434,7433,660.0,691,-31.0,31.0,0.0,0.0,Colgate Toothpaste 100g,Personal Care
LKO03,SKU013,771,771,0,0,130,9267,0.08319844609906119,8568,713.0,771,-58.0,58.0,0.0,0.0,Surf Excel 1kg,Household
LKO03,SKU011,850,850,0,0,110,10311,0.0824362331490641,9009,743.0,850,-107.0,107.0,0.0,0.0,Real Fruit Juice 1L,Beverages
LKO03,SKU012,2127,1040,1087,21740,20,26044,0.08166948241437567,11760,960.0,1040,-80.0,1167.0,0.0,0.0,Bisleri Water 1L,Beverages
LKO03,SKU017,354,354,0,0,299,4121,0.08590148022324678,4121,354.0,354,0.0,0.0,0.0,0.0,Phone Charging Cable,Electronics
LKO03,SKU018,216,216,0,0,40,2555,0.08454011741682975,2555,216.0,216,0.0,0.0,0.0,0.0,Birthday Candles Pack,General
LKO03,SKU015,518,518,0,0,65,6318,0.08198797087685977,6315,518.0,518,0.0,0.0,0.0,0.0,Dettol Handwash 200ml,Personal Care
LKO03,SKU016,137,137,0,0,1499,1564,0.08759590792838874,1564,137.0,137,0.0,0.0,0.0,0.0,boAt Earbuds,Electronics
LKO01,SKU018,339,339,0,0,40,2555,0.13268101761252446,2555,339.0,339,0.0,0.0,0.0,0.0,Birthday Candles Pack,General
LKO01,SKU017,564,564,0,0,299,4121,0.13685998544042707,4121,564.0,564,0.0,0.0,0.0,0.0,Phone Charging Cable,Electronics
LKO01,SKU016,205,205,0,0,1499,1564,0.13107416879795397,1564,205.0,205,0.0,0.0,0.0,0.0,boAt Earbuds,Electronics
LKO02,SKU018,340,340,0,0,40,2555,0.13307240704500978,2555,340.0,340,0.0,0.0,0.0,0.0,Birthday Candles Pack,General
LKO03,SKU004,3599,981,2618,57596,22,44163,0.08149355795575482,11593,945.0,981,-36.0,2654.0,0.0,0.0,Tomato 500g,Fruits & Veg
LKO03,SKU003,1704,1058,646,31008,48,20626,0.08261417628236206,11559,955.0,1058,-103.0,749.0,0.0,0.0,Brown Eggs (6 pcs),Dairy
LKO03,SKU002,1546,1004,542,31436,58,18068,0.0855656409121098,10881,931.0,1004,-73.0,615.0,0.0,0.0,Amul Butter 100g,Dairy
LKO03,SKU001,3821,959,2862,77274,27,46616,0.0819675647846233,11621,953.0,959,-6.0,2868.0,0.0,0.0,Amul Toned Milk 500ml,Dairy
LKO02,SKU015,854,854,0,0,65,6318,0.13516935739157962,6315,854.0,854,0.0,0.0,0.0,0.0,Dettol Handwash 200ml,Personal Care
LKO02,SKU016,182,182,0,0,1499,1564,0.11636828644501279,1564,182.0,182,0.0,0.0,0.0,0.0,boAt Earbuds,Electronics
LKO02,SKU017,564,564,0,0,299,4121,0.13685998544042707,4121,564.0,564,0.0,0.0,0.0,0.0,Phone Charging Cable,Electronics
LKO02,SKU014,987,970,17,935,55,7780,0.1268637532133676,7433,943.0,970,-27.0,44.0,0.0,0.0,Colgate Toothpaste 100g,Personal Care
LKO05,SKU016,152,152,0,0,1499,1564,0.09718670076726342,1564,152.0,152,0.0,0.0,0.0,0.0,boAt Earbuds,Electronics
LKO05,SKU015,538,538,0,0,65,6318,0.08515352959797404,6315,538.0,538,0.0,0.0,0.0,0.0,Dettol Handwash 200ml,Personal Care
LKO05,SKU014,637,637,0,0,55,7780,0.08187660668380463,7433,609.0,637,-28.0,28.0,0.0,0.0,Colgate Toothpaste 100g,Personal Care
LKO05,SKU013,773,773,0,0,130,9267,0.08341426567389662,8568,715.0,773,-58.0,58.0,0.0,0.0,Surf Excel 1kg,Household
LKO05,SKU011,825,825,0,0,110,10311,0.08001163805644457,9009,721.0,825,-104.0,104.0,0.0,0.0,Real Fruit Juice 1L,Beverages
LKO05,SKU009,1257,916,341,10230,30,15697,0.08007899598649423,10551,845.0,916,-71.0,412.0,0.0,0.0,Britannia Good Day 100g,Snacks
LKO05,SKU003,1664,957,707,33936,48,20626,0.08067487636963057,11559,933.0,957,-24.0,731.0,0.0,0.0,Brown Eggs (6 pcs),Dairy
LKO05,SKU006,2553,969,1584,71280,45,30812,0.08285732831364404,11412,946.0,969,-23.0,1607.0,0.0,0.0,Banana Dozen,Fruits & Veg
LKO05,SKU002,1505,965,540,31320,58,18068,0.08329643568740315,10881,906.0,965,-59.0,599.0,0.0,0.0,Amul Butter 100g,Dairy
LKO04,SKU012,2241,1053,1188,23760,20,26044,0.0860466902165566,11760,1012.0,1053,-41.0,1229.0,0.0,0.0,Bisleri Water 1L,Beverages
LKO04,SKU013,787,787,0,0,130,9267,0.08492500269774468,8568,728.0,787,-59.0,59.0,0.0,0.0,Surf Excel 1kg,Household
LKO04,SKU014,657,657,0,0,55,7780,0.08444730077120823,7433,628.0,657,-29.0,29.0,0.0,0.0,Colgate Toothpaste 100g,Personal Care
LKO04,SKU015,568,568,0,0,65,6318,0.08990186767964546,6315,568.0,568,0.0,0.0,0.0,0.0,Dettol Handwash 200ml,Personal Care
LKO04,SKU016,133,133,0,0,1499,1564,0.0850383631713555,1564,133.0,133,0.0,0.0,0.0,0.0,boAt Earbuds,Electronics
LKO04,SKU017,352,352,0,0,299,4121,0.0854161611259403,4121,352.0,352,0.0,0.0,0.0,0.0,Phone Charging Cable,Electronics
LKO04,SKU018,201,201,0,0,40,2555,0.0786692759295499,2555,201.0,201,0.0,0.0,0.0,0.0,Birthday Candles Pack,General
LKO04,SKU009,1277,1075,202,6060,30,15697,0.08135312480091737,10551,858.0,1075,-217.0,419.0,0.0,0.0,Britannia Good Day 100g,Snacks
LKO04,SKU008,2723,971,1752,24528,14,33954,0.08019673676150085,11406,915.0,971,-56.0,1808.0,0.0,0.0,Maggi Noodles 70g,Snacks
LKO04,SKU003,1761,1025,736,35328,48,20626,0.08537767865800445,11559,987.0,1025,-38.0,774.0,0.0,0.0,Brown Eggs (6 pcs),Dairy
LKO04,SKU006,2600,978,1622,72990,45,30812,0.0843827080358302,11412,963.0,978,-15.0,1637.0,0.0,0.0,Banana Dozen,Fruits & Veg
LKO04,SKU011,879,879,0,0,110,10311,0.08524876345650276,9009,768.0,879,-111.0,111.0,0.0,0.0,Real Fruit Juice 1L,Beverages
LKO03,SKU009,1254,957,297,8910,30,15697,0.07988787666433077,10551,843.0,957,-114.0,411.0,0.0,0.0,Britannia Good Day 100g,Snacks
LKO06,SKU014,354,354,0,0,55,7780,0.0455012853470437,7433,338.0,354,-16.0,16.0,0.0,0.0,Colgate Toothpaste 100g,Personal Care
LKO06,SKU013,408,408,0,0,130,9267,0.04402719326642927,8568,377.0,408,-31.0,31.0,0.0,0.0,Surf Excel 1kg,Household
LKO06,SKU007,1311,944,367,7340,20,28654,0.04575277448174775,11404,522.0,944,-422.0,789.0,0.0,0.0,Lays Classic 52g,Snacks
LKO06,SKU008,1519,1008,511,7154,14,33954,0.04473699711374212,11406,510.0,1008,-498.0,1009.0,0.0,0.0,Maggi Noodles 70g,Snacks
LKO06,SKU009,740,740,0,0,30,15697,0.04714276613365611,10551,497.0,740,-243.0,243.0,0.0,0.0,Britannia Good Day 100g,Snacks
LKO06,SKU010,1091,1025,66,2640,40,23390,0.046643864899529715,11311,528.0,1025,-497.0,563.0,0.0,0.0,Coca-Cola 750ml,Beverages
LKO05,SKU017,374,374,0,0,299,4121,0.09075467119631157,4121,374.0,374,0.0,0.0,0.0,0.0,Phone Charging Cable,Electronics
LKO05,SKU018,206,206,0,0,40,2555,0.08062622309197652,2555,206.0,206,0.0,0.0,0.0,0.0,Birthday Candles Pack,General
LKO06,SKU001,2173,1007,1166,31482,27,46616,0.046614896172987814,11621,542.0,1007,-465.0,1631.0,0.0,0.0,Amul Toned Milk 500ml,Dairy
LKO06,SKU002,811,811,0,0,58,18068,0.044885986274075716,10881,488.0,811,-323.0,323.0,0.0,0.0,Amul Butter 100g,Dairy
LKO07,SKU011,853,853,0,0,110,10311,0.08272718456017845,9009,745.0,853,-108.0,108.0,0.0,0.0,Real Fruit Juice 1L,Beverages
LKO07,SKU010,1966,1001,965,38600,40,23390,0.08405301410859342,11311,951.0,1001,-50.0,1015.0,0.0,0.0,Coca-Cola 750ml,Beverages
LKO07,SKU009,1308,940,368,11040,30,15697,0.08332802446327324,10551,879.0,940,-61.0,429.0,0.0,0.0,Britannia Good Day 100g,Snacks
LKO07,SKU005,3274,1073,2201,77035,35,38816,0.08434666117065127,11694,986.0,1073,-87.0,2288.0,0.0,0.0,Onion 1kg,Fruits & Veg
LKO07,SKU006,2559,954,1605,72225,45,30812,0.08305205763988056,11412,948.0,954,-6.0,1611.0,0.0,0.0,Banana Dozen,Fruits & Veg
LKO07,SKU001,3928,985,2943,79461,27,46616,0.08426291402093702,11621,979.0,985,-6.0,2949.0,0.0,0.0,Amul Toned Milk 500ml,Dairy
LKO07,SKU002,1542,953,589,34162,58,18068,0.08534425503652866,10881,929.0,953,-24.0,613.0,0.0,0.0,Amul Butter 100g,Dairy
LKO07,SKU003,1676,945,731,35088,48,20626,0.08125666634345001,11559,939.0,945,-6.0,737.0,0.0,0.0,Brown Eggs (6 pcs),Dairy
LKO06,SKU016,81,81,0,0,1499,1564,0.05179028132992328,1564,81.0,81,0.0,0.0,0.0,0.0,boAt Earbuds,Electronics
LKO06,SKU017,180,180,0,0,299,4121,0.04367871875758311,4121,180.0,180,0.0,0.0,0.0,0.0,Phone Charging Cable,Electronics
LKO06,SKU015,279,279,0,0,65,6318,0.04415954415954416,6315,279.0,279,0.0,0.0,0.0,0.0,Dettol Handwash 200ml,Personal Care
LKO06,SKU018,108,108,0,0,40,2555,0.042270058708414875,2555,108.0,108,0.0,0.0,0.0,0.0,Birthday Candles Pack,General
LKO06,SKU011,507,507,0,0,110,10311,0.049170788478324116,9009,443.0,507,-64.0,64.0,0.0,0.0,Real Fruit Juice 1L,Beverages
LKO06,SKU012,1219,1015,204,4080,20,26044,0.04680540623560129,11760,550.0,1015,-465.0,669.0,0.0,0.0,Bisleri Water 1L,Beverages
LKO07,SKU017,341,341,0,0,299,4121,0.08274690609075468,4121,341.0,341,0.0,0.0,0.0,0.0,Phone Charging Cable,Electronics
LKO07,SKU018,215,215,0,0,40,2555,0.08414872798434442,2555,215.0,215,0.0,0.0,0.0,0.0,Birthday Candles Pack,General
LKO07,SKU016,121,121,0,0,1499,1564,0.07736572890025575,1564,121.0,121,0.0,0.0,0.0,0.0,boAt Earbuds,Electronics
LKO07,SKU015,541,541,0,0,65,6318,0.08562836340614119,6315,541.0,541,0.0,0.0,0.0,0.0,Dettol Handwash 200ml,Personal Care
LKO07,SKU013,769,769,0,0,130,9267,0.08298262652422575,8568,711.0,769,-58.0,58.0,0.0,0.0,Surf Excel 1kg,Household
LKO07,SKU014,640,640,0,0,55,7780,0.08226221079691516,7433,611.0,640,-29.0,29.0,0.0,0.0,Colgate Toothpaste 100g,Personal Care
LKO08,SKU015,820,820,0,0,65,6318,0.12978790756568534,6315,820.0,820,0.0,0.0,0.0,0.0,Dettol Handwash 200ml,Personal Care
LKO08,SKU016,214,214,0,0,1499,1564,0.13682864450127877,1564,214.0,214,0.0,0.0,0.0,0.0,boAt Earbuds,Electronics
LKO08,SKU017,530,530,0,0,299,4121,0.12860956078621694,4121,530.0,530,0.0,0.0,0.0,0.0,Phone Charging Cable,Electronics
LKO08,SKU018,336,336,0,0,40,2555,0.13150684931506848,2555,336.0,336,0.0,0.0,0.0,0.0,Birthday Candles Pack,General
LKO09,SKU001,2167,929,1238,33426,27,46616,0.04648618500085808,11621,540.0,929,-389.0,1627.0,0.0,0.0,Amul Toned Milk 500ml,Dairy
LKO09,SKU002,860,860,0,0,58,18068,0.047597963249944655,10881,518.0,860,-342.0,342.0,0.0,0.0,Amul Butter 100g,Dairy
LKO09,SKU003,922,922,0,0,48,20626,0.04470086298846117,11559,517.0,922,-405.0,405.0,0.0,0.0,Brown Eggs (6 pcs),Dairy
LKO09,SKU004,1946,1002,944,20768,22,44163,0.04406403550483436,11593,511.0,1002,-491.0,1435.0,0.0,0.0,Tomato 500g,Fruits & Veg
LKO06,SKU003,973,934,39,1872,48,20626,0.047173470377193834,11559,545.0,934,-389.0,428.0,0.0,0.0,Brown Eggs (6 pcs),Dairy
LKO06,SKU004,2046,975,1071,23562,22,44163,0.04632837443108485,11593,537.0,975,-438.0,1509.0,0.0,0.0,Tomato 500g,Fruits & Veg
LKO06,SKU005,1802,917,885,30975,35,38816,0.04642415498763396,11694,543.0,917,-374.0,1259.0,0.0,0.0,Onion 1kg,Fruits & Veg
LKO06,SKU006,1407,910,497,22365,45,30812,0.04566402700246657,11412,521.0,910,-389.0,886.0,0.0,0.0,Banana Dozen,Fruits & Veg
LKO09,SKU008,1548,938,610,8540,14,33954,0.045591093832832656,11406,520.0,938,-418.0,1028.0,0.0,0.0,Maggi Noodles 70g,Snacks
LKO09,SKU007,1287,967,320,6400,20,28654,0.04491519508620088,11404,512.0,967,-455.0,775.0,0.0,0.0,Lays Classic 52g,Snacks
LKO09,SKU006,1406,903,503,22635,45,30812,0.04563157211476048,11412,521.0,903,-382.0,885.0,0.0,0.0,Banana Dozen,Fruits & Veg
LKO09,SKU005,1802,1069,733,25655,35,38816,0.04642415498763396,11694,543.0,1069,-526.0,1259.0,0.0,0.0,Onion 1kg,Fruits & Veg
LKO09,SKU009,748,748,0,0,30,15697,0.04765241765942537,10551,503.0,748,-245.0,245.0,0.0,0.0,Britannia Good Day 100g,Snacks
LKO09,SKU010,1054,906,148,5920,40,23390,0.045061992304403595,11311,510.0,906,-396.0,544.0,0.0,0.0,Coca-Cola 750ml,Beverages
LKO09,SKU011,466,466,0,0,110,10311,0.045194452526428085,9009,407.0,466,-59.0,59.0,0.0,0.0,Real Fruit Juice 1L,Beverages
LKO09,SKU012,1210,960,250,5000,20,26044,0.046459837198587005,11760,546.0,960,-414.0,664.0,0.0,0.0,Bisleri Water 1L,Beverages
LKO09,SKU017,189,189,0,0,299,4121,0.04586265469546227,4121,189.0,189,0.0,0.0,0.0,0.0,Phone Charging Cable,Electronics
LKO09,SKU018,115,115,0,0,40,2555,0.04500978473581213,2555,115.0,115,0.0,0.0,0.0,0.0,Birthday Candles Pack,General
LKO10,SKU001,2101,1028,1073,28971,27,46616,0.04507036210743093,11621,524.0,1028,-504.0,1577.0,0.0,0.0,Amul Toned Milk 500ml,Dairy
LKO10,SKU002,801,801,0,0,58,18068,0.04433252158512287,10881,482.0,801,-319.0,319.0,0.0,0.0,Amul Butter 100g,Dairy
LKO09,SKU013,488,488,0,0,130,9267,0.052659976259846766,8568,451.0,488,-37.0,37.0,0.0,0.0,Surf Excel 1kg,Household
LKO09,SKU014,350,350,0,0,55,7780,0.04498714652956298,7433,334.0,350,-16.0,16.0,0.0,0.0,Colgate Toothpaste 100g,Personal Care
LKO09,SKU015,302,302,0,0,65,6318,0.04779993668882558,6315,302.0,302,0.0,0.0,0.0,0.0,Dettol Handwash 200ml,Personal Care
LKO09,SKU016,73,73,0,0,1499,1564,0.046675191815856776,1564,73.0,73,0.0,0.0,0.0,0.0,boAt Earbuds,Electronics
LKO10,SKU007,1313,979,334,6680,20,28654,0.04582257276470999,11404,523.0,979,-456.0,790.0,0.0,0.0,Lays Classic 52g,Snacks
LKO10,SKU008,1539,965,574,8036,14,33954,0.04532602933380456,11406,517.0,965,-448.0,1022.0,0.0,0.0,Maggi Noodles 70g,Snacks
LKO10,SKU009,680,680,0,0,30,15697,0.0433203796903867,10551,457.0,680,-223.0,223.0,0.0,0.0,Britannia Good Day 100g,Snacks
LKO10,SKU010,1066,896,170,6800,40,23390,0.04557503206498504,11311,515.0,896,-381.0,551.0,0.0,0.0,Coca-Cola 750ml,Beverages
LKO10,SKU011,476,476,0,0,110,10311,0.0461642905634759,9009,416.0,476,-60.0,60.0,0.0,0.0,Real Fruit Juice 1L,Beverages
LKO10,SKU012,1218,956,262,5240,20,26044,0.04676700967593304,11760,550.0,956,-406.0,668.0,0.0,0.0,Bisleri Water 1L,Beverages
LKO10,SKU013,414,414,0,0,130,9267,0.04467465199093558,8568,383.0,414,-31.0,31.0,0.0,0.0,Surf Excel 1kg,Household
LKO10,SKU014,373,373,0,0,55,7780,0.04794344473007712,7433,356.0,373,-17.0,17.0,0.0,0.0,Colgate Toothpaste 100g,Personal Care
LKO10,SKU015,293,293,0,0,65,6318,0.04637543526432415,6315,293.0,293,0.0,0.0,0.0,0.0,Dettol Handwash 200ml,Personal Care
LKO10,SKU016,81,81,0,0,1499,1564,0.05179028132992328,1564,81.0,81,0.0,0.0,0.0,0.0,boAt Earbuds,Electronics
LKO10,SKU017,174,174,0,0,299,4121,0.04222276146566367,4121,174.0,174,0.0,0.0,0.0,0.0,Phone Charging Cable,Electronics
LKO10,SKU018,135,135,0,0,40,2555,0.05283757338551859,2555,135.0,135,0.0,0.0,0.0,0.0,Birthday Candles Pack,General
LKO10,SKU003,1005,930,75,3600,48,20626,0.048724910307379035,11559,563.0,930,-367.0,442.0,0.0,0.0,Brown Eggs (6 pcs),Dairy
LKO10,SKU004,2109,968,1141,25102,22,44163,0.04775490795462265,11593,554.0,968,-414.0,1555.0,0.0,0.0,Tomato 500g,Fruits & Veg
LKO10,SKU005,1748,976,772,27020,35,38816,0.04503297609233306,11694,527.0,976,-449.0,1221.0,0.0,0.0,Onion 1kg,Fruits & Veg
LKO10,SKU006,1449,1021,428,19260,45,30812,0.04702713228612229,11412,537.0,1021,-484.0,912.0,0.0,0.0,Banana Dozen,Fruits & Veg
LKO11,SKU004,2049,992,1057,23254,22,44163,0.04639630459887236,11593,538.0,992,-454.0,1511.0,0.0,0.0,Tomato 500g,Fruits & Veg
LKO11,SKU003,992,942,50,2400,48,20626,0.0480946378357413,11559,556.0,942,-386.0,436.0,0.0,0.0,Brown Eggs (6 pcs),Dairy
LKO11,SKU002,808,808,0,0,58,18068,0.04471994686738986,10881,487.0,808,-321.0,321.0,0.0,0.0,Amul Butter 100g,Dairy
LKO11,SKU001,2164,974,1190,32130,27,46616,0.046421829414793205,11621,539.0,974,-435.0,1625.0,0.0,0.0,Amul Toned Milk 500ml,Dairy
LKO11,SKU005,1766,979,787,27545,35,38816,0.0454967023907667,11694,532.0,979,-447.0,1234.0,0.0,0.0,Onion 1kg,Fruits & Veg
LKO11,SKU006,1490,984,506,22770,45,30812,0.04835778268207192,11412,552.0,984,-432.0,938.0,0.0,0.0,Banana Dozen,Fruits & Veg
LKO11,SKU007,1267,937,330,6600,20,28654,0.044217212256578486,11404,504.0,937,-433.0,763.0,0.0,0.0,Lays Classic 52g,Snacks
LKO11,SKU008,1568,938,630,8820,14,33954,0.04618012605289509,11406,527.0,938,-411.0,1041.0,0.0,0.0,Maggi Noodles 70g,Snacks
LKO11,SKU013,437,437,0,0,130,9267,0.04715657710154311,8568,404.0,437,-33.0,33.0,0.0,0.0,Surf Excel 1kg,Household
LKO11,SKU014,369,369,0,0,55,7780,0.0474293059125964,7433,353.0,369,-16.0,16.0,0.0,0.0,Colgate Toothpaste 100g,Personal Care
LKO11,SKU015,300,300,0,0,65,6318,0.04748338081671415,6315,300.0,300,0.0,0.0,0.0,0.0,Dettol Handwash 200ml,Personal Care
LKO11,SKU016,66,66,0,0,1499,1564,0.04219948849104859,1564,66.0,66,0.0,0.0,0.0,0.0,boAt Earbuds,Electronics
LKO11,SKU009,732,732,0,0,30,15697,0.046633114607886855,10551,492.0,732,-240.0,240.0,0.0,0.0,Britannia Good Day 100g,Snacks
LKO11,SKU010,1080,900,180,7200,40,23390,0.046173578452330055,11311,522.0,900,-378.0,558.0,0.0,0.0,Coca-Cola 750ml,Beverages
LKO11,SKU011,456,456,0,0,110,10311,0.044224614489380275,9009,398.0,456,-58.0,58.0,0.0,0.0,Real Fruit Juice 1L,Beverages
LKO11,SKU012,1194,982,212,4240,20,26044,0.04584549224389495,11760,539.0,982,-443.0,655.0,0.0,0.0,Bisleri Water 1L,Beverages
LKO12,SKU002,1544,1032,512,29696,58,18068,0.08545494797431924,10881,930.0,1032,-102.0,614.0,0.0,0.0,Amul Butter 100g,Dairy
LKO12,SKU001,3730,1023,2707,73089,27,46616,0.08001544534065556,11621,930.0,1023,-93.0,2800.0,0.0,0.0,Amul Toned Milk 500ml,Dairy
LKO11,SKU018,116,116,0,0,40,2555,0.045401174168297455,2555,116.0,116,0.0,0.0,0.0,0.0,Birthday Candles Pack,General
LKO11,SKU017,195,195,0,0,299,4121,0.0473186119873817,4121,195.0,195,0.0,0.0,0.0,0.0,Phone Charging Cable,Electronics
LKO12,SKU006,2543,971,1572,70740,45,30812,0.08253277943658315,11412,942.0,971,-29.0,1601.0,0.0,0.0,Banana Dozen,Fruits & Veg
LKO12,SKU007,2352,1027,1325,26500,20,28654,0.08208278076359321,11404,936.0,1027,-91.0,1416.0,0.0,0.0,Lays Classic 52g,Snacks
LKO12,SKU009,1353,931,422,12660,30,15697,0.0861948142957253,10551,909.0,931,-22.0,444.0,0.0,0.0,Britannia Good Day 100g,Snacks
LKO12,SKU010,1896,931,965,38600,40,23390,0.08106028217186832,11311,917.0,931,-14.0,979.0,0.0,0.0,Coca-Cola 750ml,Beverages
LKO12,SKU011,856,856,0,0,110,10311,0.08301813597129279,9009,748.0,856,-108.0,108.0,0.0,0.0,Real Fruit Juice 1L,Beverages
LKO12,SKU012,2159,1079,1080,21600,20,26044,0.08289817232375979,11760,975.0,1079,-104.0,1184.0,0.0,0.0,Bisleri Water 1L,Beverages
LKO12,SKU013,783,779,4,520,130,9267,0.08449336354807381,8568,724.0,779,-55.0,59.0,0.0,0.0,Surf Excel 1kg,Household
LKO12,SKU014,613,613,0,0,55,7780,0.07879177377892031,7433,586.0,613,-27.0,27.0,0.0,0.0,Colgate Toothpaste 100g,Personal Care
LKO12,SKU015,485,485,0,0,65,6318,0.07676479898702121,6315,485.0,485,0.0,0.0,0.0,0.0,Dettol Handwash 200ml,Personal Care
LKO12,SKU016,119,119,0,0,1499,1564,0.07608695652173914,1564,119.0,119,0.0,0.0,0.0,0.0,boAt Earbuds,Electronics
LKO12,SKU017,304,304,0,0,299,4121,0.0737685027905848,4121,304.0,304,0.0,0.0,0.0,0.0,Phone Charging Cable,Electronics
LKO12,SKU018,228,228,0,0,40,2555,0.08923679060665363,2555,228.0,228,0.0,0.0,0.0,0.0,Birthday Candles Pack,General
